productID,id,title,body,created_at,rate,likes,dislikes,recommendation_status,is_buyer,user_name,is_anonymous
3493882,44397557,اندروید باکس,خوب بود مشکلی تو این دو ماه که استفاده کردم نداشته,26 دی 1401,4,0,0,recommended,True,کاربر دیجی‌کالا,True
3493882,44271805,ب نسبت قیمت عالیه,"به نسبت قیمتی ک پرداخت میکنید خیلی خوبه ب شرطی ک داعما استفاده نشه
یه ماهه ک عالی کار میکنه",23 دی 1401,4,0,0,,True,امیر خسروشاهی ملکی,False
3493882,44211982,پاناتک,"من این دستگاه رو در تخفیف خریدم ولی حتی بدون تخفیف هم ارزش خرید دارد، امکانات کاملی دارد و در حد دستگاه های گران قیمت کارائی دارد!
در حدود یک ماهی که من با آن کار میکنم هیچ مشکلی نداشته و با مبلغ اندکی تلویزیون معمولی به تلویزیون هوشمند تبدیل شد!",22 دی 1401,5,0,0,recommended,True,مهدی کریمیان,False
3493882,44174285,,خیلی معمولی ،سرعت پایینی داره .کست هم نمیشه تا مودم نداشته باشی,21 دی 1401,3,0,0,no_idea,True,کاربر دیجی‌کالا,True
3493882,44087864,در حد مطلوب,پخش فیلم و سرچ کردن و دانلود کردن و همه چی داره فقط کنترلش ضعیفه با سرعت پردازش خودش که میشه بهتر باشن,19 دی 1401,4,0,0,recommended,True,پارسا احمدی,False
3493882,44060535,,نسبت به قیمت وسخت افزار ونرم افزار، دستگاه مناسبی است، برای ارتباط بااینترنت فاصله از مدم نباید زیاد باشد، حتما برای استفاده یک موس هم برای دستگاه سفارش دهید,18 دی 1401,4,0,0,,True,کاربر دیجی‌کالا,True
3493882,43961923,,بد نیست,16 دی 1401,3,0,0,,True,حسام شریفی,False
3493882,43863159,انتقاد,متاسفانه به علت کیفیت پایین و قیمت بالا موارد خرابی داشت از دیجی کالا انتظار نداشتم,13 دی 1401,1,0,0,,True,مرتضی سلیمانی,False
3493882,43819044,,خوشکل بود اما برای من سیم اچ دی ام آی مشکل داشت مرجوع کردم.,12 دی 1401,3,1,0,no_idea,True,کاربر دیجی‌کالا,True
3493882,43795098,,کنترلش کار نمیکنه،موس اش کار نمیکنه به گوشی متصل نمیشه,21 دی 1401,2,0,0,recommended,True,مهدی کوشکی,False
3493882,43633245,اگر مودم دور باشه بدرد نمیخوره,"اگر فقط میخواین باهاش فیلم ببیند کارتون رو راه میندازه
توجه داشته باشین مودم باید بهش نزدیک باشه و اگر نه رسما اینترنت ندارید
من لانچر Emotn UI رو نصب کردم و پس زمینه رو هم تونستم تغییر بدم ، با این لانچر به نظر من روون تر و تمیز تر کار میکنه
نوتیف کلا نمایش داده نمیشه و این تو اندروید تی وی ها مثل اینکه اینجوریه 
در کل با توجه به قیمت کار راه اندازه ولی اگر یه مقدار بیشتر هزینه کنید موردهای بهتری هم هست",8 دی 1401,3,0,0,no_idea,True,حمید آجرلو,False
3493882,43565835,,فعلا خوبه و راضی هستم ,6 دی 1401,4,0,0,recommended,True,کاربر دیجی‌کالا,True
3493882,43557991,انروید باکس,"نسبت به قیمت بسیار عالی
هیچ مشکلی نداره ، هنگ نمیکنه و با این قیمت کیفیت خوبی داره ، حتما یه موس بیسیم هم بخرید کار با کنترل سخته",6 دی 1401,4,0,0,recommended,True,کاربر دیجی‌کالا,True
3493882,43555808,,کار راه انداز و قیمت مناسب،امادر برنامه ها گاهی هنگ میکند،شاد مشکل اینترنت باشد,6 دی 1401,4,0,0,,True,کاربر دیجی‌کالا,True
3493882,43549451,اندروید باکس ,دستگاه خیلی خوبی هست من ۱ ساله دارم تو خونه استفاده می کنم پخش فیلم از اینترنت بدون قطعی و لک بدون هنگی نصب نام  افزارها و اندروید ۹,6 دی 1401,5,0,0,recommended,True,سید محمد مهدوی شهری,False
3493882,43544381,خیلی خوبه,خیلی خیلی ازخریدم راضی ام خیلی راحت وصل میشه وبه هرچی بخوام دسترسی دادم,6 دی 1401,5,0,0,recommended,True,سمانه شادکام,False
3493882,43518518,خوب,بهتره با سیم به دستگاه نت بدید تا سرعت مناسبی داشته باشه .من قبلا تسکو باکس داشتم به نظرم این از اون چیزی کم نداره فقط ظاهر تسکو جذاب تره همین .موس رو هم با سیم بهش وصل کنید بهتره این موارد که گفتم در مورد تسکو هم صدق میکنه,5 دی 1401,4,0,0,,True,کاربر دیجی‌کالا,True
3493882,43397722,دستگاه خوب وعالی ,دستگاه خوب عالی ,2 دی 1401,5,0,0,,True,کاربر دیجی‌کالا,True
3493882,43293903,چیز خوبی بود,خیلی عالی بود,29 آذر 1401,5,2,0,recommended,True,کاربر دیجی‌کالا,True
3493882,43156790,,قفل میکنه و هنگ میکنه ,10 دی 1401,2,0,0,,True,محسن مغاره عابد,False
3493882,44397557,اندروید باکس,خوب بود مشکلی تو این دو ماه که استفاده کردم نداشته,26 دی 1401,4,0,0,recommended,True,کاربر دیجی‌کالا,True
3493882,44271805,ب نسبت قیمت عالیه,"به نسبت قیمتی ک پرداخت میکنید خیلی خوبه ب شرطی ک داعما استفاده نشه
یه ماهه ک عالی کار میکنه",23 دی 1401,4,0,0,,True,امیر خسروشاهی ملکی,False
3493882,44211982,پاناتک,"من این دستگاه رو در تخفیف خریدم ولی حتی بدون تخفیف هم ارزش خرید دارد، امکانات کاملی دارد و در حد دستگاه های گران قیمت کارائی دارد!
در حدود یک ماهی که من با آن کار میکنم هیچ مشکلی نداشته و با مبلغ اندکی تلویزیون معمولی به تلویزیون هوشمند تبدیل شد!",22 دی 1401,5,0,0,recommended,True,مهدی کریمیان,False
3493882,44174285,,خیلی معمولی ،سرعت پایینی داره .کست هم نمیشه تا مودم نداشته باشی,21 دی 1401,3,0,0,no_idea,True,کاربر دیجی‌کالا,True
3493882,44087864,در حد مطلوب,پخش فیلم و سرچ کردن و دانلود کردن و همه چی داره فقط کنترلش ضعیفه با سرعت پردازش خودش که میشه بهتر باشن,19 دی 1401,4,0,0,recommended,True,پارسا احمدی,False
3493882,44060535,,نسبت به قیمت وسخت افزار ونرم افزار، دستگاه مناسبی است، برای ارتباط بااینترنت فاصله از مدم نباید زیاد باشد، حتما برای استفاده یک موس هم برای دستگاه سفارش دهید,18 دی 1401,4,0,0,,True,کاربر دیجی‌کالا,True
3493882,43961923,,بد نیست,16 دی 1401,3,0,0,,True,حسام شریفی,False
3493882,43863159,انتقاد,متاسفانه به علت کیفیت پایین و قیمت بالا موارد خرابی داشت از دیجی کالا انتظار نداشتم,13 دی 1401,1,0,0,,True,مرتضی سلیمانی,False
3493882,43819044,,خوشکل بود اما برای من سیم اچ دی ام آی مشکل داشت مرجوع کردم.,12 دی 1401,3,1,0,no_idea,True,کاربر دیجی‌کالا,True
3493882,43795098,,کنترلش کار نمیکنه،موس اش کار نمیکنه به گوشی متصل نمیشه,21 دی 1401,2,0,0,recommended,True,مهدی کوشکی,False
3493882,43633245,اگر مودم دور باشه بدرد نمیخوره,"اگر فقط میخواین باهاش فیلم ببیند کارتون رو راه میندازه
توجه داشته باشین مودم باید بهش نزدیک باشه و اگر نه رسما اینترنت ندارید
من لانچر Emotn UI رو نصب کردم و پس زمینه رو هم تونستم تغییر بدم ، با این لانچر به نظر من روون تر و تمیز تر کار میکنه
نوتیف کلا نمایش داده نمیشه و این تو اندروید تی وی ها مثل اینکه اینجوریه 
در کل با توجه به قیمت کار راه اندازه ولی اگر یه مقدار بیشتر هزینه کنید موردهای بهتری هم هست",8 دی 1401,3,0,0,no_idea,True,حمید آجرلو,False
3493882,43565835,,فعلا خوبه و راضی هستم ,6 دی 1401,4,0,0,recommended,True,کاربر دیجی‌کالا,True
3493882,43557991,انروید باکس,"نسبت به قیمت بسیار عالی
هیچ مشکلی نداره ، هنگ نمیکنه و با این قیمت کیفیت خوبی داره ، حتما یه موس بیسیم هم بخرید کار با کنترل سخته",6 دی 1401,4,0,0,recommended,True,کاربر دیجی‌کالا,True
3493882,43555808,,کار راه انداز و قیمت مناسب،امادر برنامه ها گاهی هنگ میکند،شاد مشکل اینترنت باشد,6 دی 1401,4,0,0,,True,کاربر دیجی‌کالا,True
3493882,43549451,اندروید باکس ,دستگاه خیلی خوبی هست من ۱ ساله دارم تو خونه استفاده می کنم پخش فیلم از اینترنت بدون قطعی و لک بدون هنگی نصب نام  افزارها و اندروید ۹,6 دی 1401,5,0,0,recommended,True,سید محمد مهدوی شهری,False
3493882,43544381,خیلی خوبه,خیلی خیلی ازخریدم راضی ام خیلی راحت وصل میشه وبه هرچی بخوام دسترسی دادم,6 دی 1401,5,0,0,recommended,True,سمانه شادکام,False
3493882,43518518,خوب,بهتره با سیم به دستگاه نت بدید تا سرعت مناسبی داشته باشه .من قبلا تسکو باکس داشتم به نظرم این از اون چیزی کم نداره فقط ظاهر تسکو جذاب تره همین .موس رو هم با سیم بهش وصل کنید بهتره این موارد که گفتم در مورد تسکو هم صدق میکنه,5 دی 1401,4,0,0,,True,کاربر دیجی‌کالا,True
3493882,43397722,دستگاه خوب وعالی ,دستگاه خوب عالی ,2 دی 1401,5,0,0,,True,کاربر دیجی‌کالا,True
3493882,43293903,چیز خوبی بود,خیلی عالی بود,29 آذر 1401,5,2,0,recommended,True,کاربر دیجی‌کالا,True
3493882,43156790,,قفل میکنه و هنگ میکنه ,10 دی 1401,2,0,0,,True,محسن مغاره عابد,False
3493882,43121237,,عالی,25 آذر 1401,5,1,0,,True,رشید خادم,False
3493882,43025059,اندروید با کس ,درکل خوبه راضی هستم ,22 آذر 1401,5,1,0,recommended,True,روح الله زیار,False
3493882,42892862,به نظرم تو ای قیمت انتخاب خوبیه,به نظرم تو این قیمت خوبه . نزدیک یک سال میشه که خریدم از جای دیگه البته. و راضی ام. نرم افزار Mx Player رو روش نصب کنید و فیلم های با کیفیت بالا مثل کیفیت   x265 - ۱۰۸۰ رو بدون لگ و هنگ ببینید و لذت ببرید,19 آذر 1401,5,2,1,,False,سید تقی رضوی اصل,False
3493882,42809871,مناسب ال سی دی قدیمی,کیفیتش عالی هست,17 آذر 1401,5,1,0,recommended,True,یاسین فاطمی,False
3493882,42677905,خوبه واقعا,با سلام خدمت دوستان به برای iptvگرفتم کارم رو کامل راه انداخت،هنگ و قطعی هم نداشت یکم کنده که با این رو و سی پی یو طبیعیه نسبت گرافیکی که ارایه میکنه,14 آذر 1401,5,1,0,recommended,True,حبیب الله مهدی زاده,False
3493882,42610370,عالی,مود بودن دستگاه ,12 آذر 1401,4,1,0,,True,محمد زنگنه,False
3493882,42609894,عالی,"خیلی خوبه عاشقش شدم و دایم دورشم
خیلی کاربردی و خوبه
عالی عالی عالی
برای مغازه گرفتم خیلی جواب میده
نمیدونم چرا بعضیا میگن کنترلش کار نمیکنه و هنگ میکنه خیلی عالی جواب میده الکی پولتونو به مدلای گرون تر ندین",14 آذر 1401,5,4,2,recommended,True,کاربر دیجی‌کالا,True
3493882,42600935,از هر نظر عالی,در مقابل هزینه ای که میکنید راضی کننده ست خیلی خوبه ممنونم از دی جی عزیز,12 آذر 1401,5,1,0,,True,ایمان دل افکار,False
3493882,42463864,,اولا گارانتی اش تمام شده بود. کیفیتش هم خوب نبود.خواستم مرجوع کنم. قبول نکردند. مگه شعار شما این نیست که تا یک هفته ضمانت مرجوعی داریم....,13 آذر 1401,1,9,1,not_recommended,True,محمدرضا  خداداد,False
3493882,42323770,خوب بود,خوب بود,9 آذر 1401,4,1,0,recommended,True,سید محمد کاظمی,False
3493882,42287787,ارزش خرید در برابر قیمت,کاملا بابت پولی که پرداخت می کنید راضیتون میکنه ، فقط برای تنظیم تاریخ باید از طریق گوگل کروم این کارو انجام بدید چون تاریخ و ساعتش قابل تغییر نبود و این باعث میشد که مثلا تو فیلم نت نتونی سریال ها رو ببینی ، البته خیلی راحت وقتی گوگل کروم رو باز کنید خودش میگه ساعت و تاریخ رو تنظیم کن که خیلی راحت تنظیم میشه,5 آذر 1401,5,3,0,,True,پدرام احسان ,False
3493882,42275824,خوب ,خوب ,4 آذر 1401,5,1,0,,True,کاربر دیجی‌کالا,True
3493882,42165032,لطفا ب مدل گوشیتون توجه کنید,"برای بار دوم سفارش دادم 
عالیع از هر نظر اما مامان و بابام گوشی سامسونگ سری a. دارن که اصلا ب هیچ وجه قابلیت وصل شدن ب تی وی رو نداره 
فقط هات اسپات میکنن و فیلیمو و بقیه برنامه هارو تماشا میکنن همین 
قیمتشم از بازار ارزون تره 
فقط ی موس هم بگیرین کنترلش خیلی بدرد نخوره",1 آذر 1401,5,1,1,recommended,True,ریحانه  امیری,False
3493882,42086666,عالیه,من خریدمش خوب کارمیکنه دستگاه باحالیه,29 آبان 1401,5,1,0,,True,صدیقه مرادی,False
3493882,42047835,پانا,"سلام
این دستگاه به نسبت پولی که میدی خوبه. وای فای دستگاه ضعیف هست و برای پخش فیلم به صورت وای فای باید گوشی رو نزدیک دستگاه قرار بدید تا انتقال اطلاعات به خوبی انجام بگیره و اگر گوشی دور باشه باعث ایجاد لگ میشه. 
به ظاهر بلوتوث هم داره ولی من نتونستم با بلوتوث کار کنم. 
هم زمان هم میتونید به وای فای دیگران وصل بشد و هم دیگران به وای فای دستگاه وصل بشن. 
برای گوشی سامسونگ وصل نمیشد، نمیدونم مشکل کجا بود. 
دفترچه و کابل hdmi و کنترل رو همراه خودش داره. 
کنترلش کمی گیج میزنه و برای انجام هر کاری باید ۲ ثانیه بعد هر کلیک صبر کنید.",28 آبان 1401,3,2,0,no_idea,True,ابوالفضل شهاب الدین,False
3493882,41855916,مدل r69 بخرید به جای این این اکثر برنامه ها روش نصب نمیشه,برنامه های فیلم دیدن روش نصب نمیشه مزخرفه,1 آذر 1401,1,1,2,not_recommended,True,فرید صادقی مهر,False
3493882,41753488,,شیکه ماهواره ای با اپ قابل دریافت هست,20 آبان 1401,4,2,0,,False,کاربر دیجی‌کالا,True
3493882,41738256,پاناتک ,راضی نبودم مرجوع کردم ,20 آبان 1401,3,1,1,no_idea,True,کاربر دیجی‌کالا,True
3493882,41528137,,عالی,15 آبان 1401,4,1,0,recommended,True,کاربر دیجی‌کالا,True
3493882,41514132,,خوبه نسبت به قیمت,14 آبان 1401,2,0,0,recommended,True,محمدجواد عظیمی,False
3493882,41462497,,خوبه نسبت به قیمتش من دو ساله استفاده میکنم و راضی هستم ,13 آبان 1401,5,2,0,recommended,True,کاربر دیجی‌کالا,True
3493882,41460869,عالی بود,خوب بود منکه راضیم با روزی ۹ ساعت استفاده هم داغ نکرد,13 آبان 1401,5,1,0,recommended,True,اباذر قاسمی,False
3493882,41356666,ایراد فنی داشت مرجوع کردم,ایراد فنی داشت مرجوع کردم,12 آبان 1401,1,1,1,not_recommended,True,مهدی  نعمت الهی,False
3493882,41294300,بسیار کاربردی,از خریدم راضی هستم,9 آبان 1401,5,0,0,,True,کاربر دیجی‌کالا,True
3493882,41147826,اندرویدباکس,سرعتش یکم کنده,6 آبان 1401,3,0,0,,True,کاربر دیجی‌کالا,True
3493882,40976294,,عالی,2 آبان 1401,5,0,0,,True,مجتبی محمدلو,False
3493882,40936348,مناسب با توجه به قیمت,همه چیز در خصوص این اندوریدباکس، قابل قبوله، موس و کیبورد بلوتوث رو به راحتی ساپورت میکنه بقیه موارد تنظیمات منو، کاملا شببه گوشی های اندرویدی هست و از زبان و کیبورد فارسی پشتیبانی میکنه، یه مقدار کم هم هنگی در موقع کار با دستگاه مواجه میشین، تمامی برنامه های اندرودی رو میتونید از بازار نصب کنید، بهتره که از برنامه های اندروید تی وی استفاده کنید تا در استفاده از موس و کیبورد دچار مشکل نشید، کمی در موقع استفاده از موس بیسیم کند هست. ولی بسیار دستگاه کامل و بی دردسری هست به نسبت قیمتش,5 آبان 1401,4,0,1,recommended,True,هادی فاضلی,False
3493882,40930227,,در کل خوب,1 آبان 1401,4,0,1,,True,احمد صمدبین,False
3493882,40919498,نسبت به قیمت دستگاه خوبیه.. اگه قصد خرید داشتین حتما یه ماوس بی سیم هم براش بگیرین.,با هزینه کم تلویزیون خود را هوشمند کنید.,1 آبان 1401,4,1,1,recommended,True,فرزاد متولی,False
3493882,40902720,پیشنهاد نمیکنم,من در کل اصلا پیشنهاد نمیکنه خیلی کارتی ضعیفی داره,1 آبان 1401,1,1,1,,True,سجاد باقری,False
3493882,40876342,عالی بود بسته ها,عالی  بود خریداری شه حتما,8 آبان 1401,5,2,1,recommended,True,محمد طاها نوروزی,False
3493882,40829380,خوب,"فعلأ که کار می‌کنه
کنترلش هم کار میکنه",29 مهر 1401,4,1,1,recommended,True,محمدرضا  کریمی,False
3493882,40495600,قیمت مناسب,با سلام. با این قیمت ارزش خریدن دارد,22 مهر 1401,4,1,1,,False,کاربر دیجی‌کالا,True
3493882,40447462,بسیار کاربردی,به نظر من تو این رنج قیمت دستگاه خوب و مناسبیه،من واسه تلویزیون اسمارت ال جی استفاده کردم و با این که تلویزیون هوشمند بود اما با این دستگاه خیلی راحت تر شدم و واسه خیلی استفاده ها مخصوصا فیلم و کتاب الکترونیک عالی هست,20 مهر 1401,4,0,1,recommended,True,سعید جوکار,False
3493882,40312788,خیلی خوب بود .من که خیلی راضیه هستم .,بسیار کالایی خوب هستم ,17 مهر 1401,5,0,1,,True,کاربر دیجی‌کالا,True
3493882,40217233,اندروید باکس,کنترل خوبی نداره،هم کوچیکه هم مشخصه الکیه..کنترلش کانال تلویزیون رو عوض میکنه و اصلا نمیشه باهاش کار کرد.. تلویزیون من جی پلاس هستش,15 مهر 1401,2,1,0,no_idea,True,امیر علی‌نژاد,False
3493882,40147099,,در کل خیلی خوبه راضیم ازش، اون چیزی که میخوام هست. ,13 مهر 1401,4,0,1,,True,کاربر دیجی‌کالا,True
3493882,40129735,مقرون به صرفه و راضیم,با تشکر از دیجی کالا,17 مهر 1401,4,0,1,recommended,True,عبدالمبین توماجی پور,False
3493882,40052403,,از ماوس ش خوشم نیومد .مرجوع کردم,11 مهر 1401,3,0,0,no_idea,True,مصطفی دهقان ,False
3493882,39945397,,عالی عالی عالی,8 مهر 1401,5,0,1,recommended,True,کاربر دیجی‌کالا,True
3493882,39899703,به صرفه برای دیدن فیلم آنلاین و آفلاین,در صورتی که از اندروید باکس میخواید جهت تماشای فیلم 4K یا کیفیت 1080 چه آفلاین چه آنلاین استفاده کنید این اندروید باکس بصرفه ترین اندروید باکسی هستش که میتونید تهیه کنید اندروید باکس های گرون تر از این هم هستن که متاسفانه در تماشای ویدیو های 4k و 1080 لگ و هنگی دارن ولی این نداره کنترلش خوبه ولی قابلیت های خیلی کمی داره و سرعت موسش پایینه حتما باید براش یه کیبورد مینی یا کنترل ایر موس تهیه کنید کارت حافظه و usb رو با سرعت بالا میخونه در زمینه بازی هم بازی های ساده در حد سونیک و ماریو و.. رو خوب اجرا میکنه ولی هماهنگ سازی کنترلش جهت بازی خوب نیست و در کل واسه بازی خوب نیست و بیشتر واسه فیلم دیدنه سه تا نرم‌افزار پخش ویدیو پیشفرض روش نصبه داره که بهتره نرم افزار اصلی پخش ویدیو movieplayer استفاده کنید چون قابلیت های بیشتری داره با تشکر از فروشنده عزیز جعبه وکیوم و پلمپ دستم رسید و گارانتی اصلی داشت,7 مهر 1401,5,1,2,recommended,True,مهدی کاظمی,False
3493882,39836897,اندرویدباکس,عالیه بااین قیمت دستگاهه خیلی خوبی خریداری کردم و اینکه به سرعت  راه افتاد اصلا مشکلی نداره خیلی راضیم پیشنهاد میکنم,6 مهر 1401,0,0,1,recommended,True,کاربر دیجی‌کالا,True
3493882,39496732,اندروید باکس ,"نسبت به قیمتش ارزش خريد داره
ولی اگه واقعا به اون صورت ازش استفاده نمی کنید و برای وصل شدن به تلویزیون میخواین پیشنهاد میکنم دانگل بگيريد",29 شهریور 1401,3,0,1,no_idea,True,ایلیا قاری,False
3493882,39352910,,در کل خوبه,26 شهریور 1401,3,1,1,,True,فرشید نطاق,False
3493882,39292208,انروید باکس ,سلام خیلی خیلی خوب بود پیشنهاد میکنم ,25 شهریور 1401,5,0,0,recommended,True,کاربر دیجی‌کالا,True
3493882,39255511,اندرویدباکس,کالا دست دوم بود,24 شهریور 1401,1,1,0,not_recommended,True,شهریار شفیعی پیرالقر,False
3493882,39235651,,با توجه به قیمت در مقایسه با دستگاههای مشابه نسبتا مناسبه ولی بعضیا در صورت قطع اتصال برق در اتصال مجدد به اینترنت متاسفانه دستگاه را باید ریست و دوباره راه اندازی کرد ,25 شهریور 1401,3,0,0,recommended,True,کاربر دیجی‌کالا,True
3493882,38654908,دستگاه خوبیه,دستگاه خوبیه..فقط ورژن اندرویدش پایینه دیگه ولی کار ما که تماشای فیلیمو و نماواستو راه میندازه..,10 شهریور 1401,4,0,0,recommended,True,سهیل واحدی,False
3493882,38650167,بدک نیست,"از نظر فنی در حد فیمتش خیلی مناسبه و سرعتش هم خوبه.
اما من انتظار داشتم حداقل سیستم عاملش اندروید TV باشه، چونکه اینجوری سخته کار کردن باهاش، اپلیکیشن های اندروید TV مناسب کار با کنترل هستن و از اپلیکیشن های اندروید معمولی بهترن، اینجوری شما همش به ماوس و کیبورد نیاز داریم و رابط کاربری خیلی از اپلیکیشن ها هم بهم میریزه چون مناسب صفحه لمسی هست.
برای اپلیکیشن های فیلیمو و نماوا و… میشه نسخه TV رو نصب کرد اما اگر بخواین Netflix و HBO Max و … نصب کنین مکافات دارین تا نسخه TV اونا رو بجای نسخه معمولی اجرا کنین.",9 شهریور 1401,4,0,0,recommended,True,آرش ابراهیمی,False
3493882,38622165,,عالی نسبت به قیمت,9 شهریور 1401,3,0,0,,False,کاربر دیجی‌کالا,True
3493882,38550174,عالی,عالی,9 شهریور 1401,5,1,0,recommended,True,امید چرمی,False
3493882,38538671,,۸۰٪,7 شهریور 1401,4,0,0,,True,صلاح مکاصیصی,False
3493882,38533591,عالیه,واقعا با این قیمت عالیه. خروجی صدای لیزری هم داره . این امکانات با این قیمت واقعا عالیه. نسخه تلوبیون رو باید نسخه اندروید باکسش رو از بازار دانلود کنید که بدون مشکل کار کنه,12 شهریور 1401,5,0,0,recommended,True,محمد زارع,False
3493882,38445029,,هارد خوب فقط ضربه نخوره,4 شهریور 1401,5,0,0,recommended,True,مریم عابدی کلهرودی,False
3493882,38092130,عالی,"البته من این محصول تازه رسیده به دستم ولی از سرعتش و کفیت بدنه کنترلش که می گفتن خوب نیست راضی هستم
من خیلی تحقیق کردم و با نردید خریدم",26 مرداد 1401,5,2,0,recommended,True,محمد راسخ,False
3493882,37839430,,عالیه حتما همین و بخرید     ,20 مرداد 1401,5,0,0,recommended,True,آسیه مهرابی فیروزآباد,False
3493882,37466835,,در کل واسه فیلم دیدن خوبه سه روزه استفاده میکنم مشکلی نداره فقط جهت برنامه و اپهای اندروید تی وی استفاده نصب کنید تا کاربری راحت تری داشته باشه.,12 مرداد 1401,4,0,0,recommended,True,ایمان عاشوری,False
3493882,37407366,داغ کردن سریع  و کار نکردن اپهای ایرانیدمانند تلوبیون,"هنگ کردن مدام
داغ کردن زیاد
جنس نامرغوب جعبه اندروید باکس",7 مرداد 1401,1,0,0,not_recommended,True,داود موحدخواه,False
3493882,37374658,خرید از دیجی کالا,دستم را داغ کردم که دیگه از دیجی خرید نکنم  حرف وعمل یکی نیست,6 مرداد 1401,1,6,0,,False,کاربر دیجی‌کالا,True
3493882,37358508,اندروید باکس,بدون دیش ماهواره داریم یوتیوب کلی فیلم داره,17 مرداد 1401,5,0,0,recommended,True,مهدی عبدالغفار گلپایگانی,False
3493882,37311593,کاربردی و بصرفه,باسلام ضمن تشکر از مدیریت دیجیکالا ، دستگاه خوب و به نسبت با کیفیتی هست,9 مرداد 1401,5,1,0,recommended,True,اسداله کاظمی فروشانی,False
3493882,37291698,,"لگ دارد 
قیمت مناسب است ",10 مرداد 1401,2,1,0,no_idea,True,محمدرضا حسن خانی,False
3493882,37245696,,کاربردی هست,3 مرداد 1401,5,0,0,recommended,True,کاربر دیجی‌کالا,True
3493882,37066067,معمولی هست,"کار راه انداز هست من اندروید باکس ایکس ویژن داشتم با وجود اینکه قدیمی و سیستم اندروید اون از این دستگاه پایین تر هست هم سرعت بالاتری داره هم کیفیت تصویر بهتر
این دستگاه خیلی ضعیفه  و سرعت خیلی پایینی داره برای راه اندازی و نصب نرم افزار ها می بایست خیلی کلنجار بری خیلی کوچیک هست 
ریموت اون اصلا بدرد نمی خوره حتما می بایست یک ریموت و یا موس وایرلس بخرید ضمنا این کالا ایرانی هست
گارانتی اون هم فقط چهار ماه مونده با آنچه اعلام شده مطابقت نداشت",3 مرداد 1401,3,1,1,not_recommended,True,علیرضا فتحی,False
3493882,36988497,عالی,عالی خیلی خوب,26 تیر 1401,5,0,0,recommended,True,زینب خدابخشی,False
3493882,36761065,خیلی خوب و کاربردی,خیلی خوب فقط باهاش موس بیسیم بگیرید,21 تیر 1401,5,2,0,recommended,True,کاربر دیجی‌کالا,True
3493882,36583155,معمولی,"1-با هات‌اسپات موبایل هم دستگاه به اینترنت وصل میشه.
2-اول خدمات گوگل‌پلی رو غیرفعال کنین تا دستگاه کُند نشه.
3-اگه سیم‌کارت شاتل دارید نماوا نصب کنید بدون اشتراکه.
4-سیم‌کارت رایتل هم در گپ‌فیلم اشتراک نمیخواد.
5-یه ماوس بی‌سیم حتما در کنارش خرید کنید چون کنترلش ظریفه از دستم افتاد شکست تو شهر ما مشهد گیر نیومد.
6-تلگرام نصب میشه ولی محتوا گروه و کانال رو نمیشه با کنترل بالا پایین کرد حتما ماوس لازمه.
7-و اینستا محتوا پُست‌ها خیلی بزرگ نشون میده از نسخه وب اینستاگرام استفاده کنید مشکل بزرگی مُحتوا برطرف میشه
8-بازی کلش آف کلنز راحت نصب شد ولی فری‌فایر پابجی کالاف تا نصب میشه و وارد بازی میشی صفحه سیاه میشه و همینجوری میمونه مجبوری بازی رو حذف کنیع
 اگه اطلاعات به دردتون خورد لایک کنین",23 تیر 1401,3,30,0,recommended,True,کاربر دیجی‌کالا,True
3493882,36319225,اندروید باکس,راضی هستیم ,8 تیر 1401,4,0,0,recommended,True,محمد هادی صیفوری,False
3493882,36184492,,خوبه . فقط اول خرید کردم ۸۳۰تومن بعد چند روز کنسل کردن قیمت رو بردن بالا همینو از همینجا خریدم ۸۴۹تومن,10 تیر 1401,4,0,0,,True,رضا فراهانی,False
3493882,36035962,,خوبه,30 خرداد 1401,4,0,0,recommended,True,کاربر دیجی‌کالا,True
3493882,35902477,,خوب کاربردی ,26 خرداد 1401,4,1,0,,True,منیژه ممنون,False
3493882,35853831,,من بعد از یک سال و نیم استفاده نظر میدم.یک سالی خوب بود تا اینکه کم کم هنگ ها شروع شد.الان دایم هنگ میکنه و از برنامه میپره بیرون.بعضی اپ ها مثل تلویبیون پلاس فیلم ها رو اجرا نمیکنه.بعضی اپ ها مثل آپارات هم وقتی اجرا میشه دیگه خارج نمیشه تا دستگاه رو خاموش کنی.با خدمات پس از فروشم تماس گرفتم تلفن گویا اصلا قسمت اندروید باکس نداره.خلاصه که بیشتر هزینه کنین وبرای وقت و پولتون ارزش قاِیل شین,25 خرداد 1401,1,9,0,,True,سید شهاب برقعی,False
3493882,35614768,خوبه,خوبه ولی یکم هنگ داره ,17 خرداد 1401,5,3,0,recommended,True,کاربر دیجی‌کالا,True
3493882,35470559,نسبت به قیمتش خوبه,دستگاه خوبیه برای فیلم دیدن ولی بیشتر بازی ها روش اجرا نمیشه,13 خرداد 1401,4,0,0,recommended,True,مریم رمضانی,False
3493882,35398509,خوبه,یخورده باهاش ور برید خوبه کار راه بندازه اندرویده دیگه راه برای کارای مختلف زیاد دارید,11 خرداد 1401,4,0,0,,True,اباذر حسن زاده سوخته کلائی,False
3493882,34920153,اندروید باکس پاناتک,روز اول باگ صفحه داشت بعد کم کم چشمک زد,28 اردیبهشت 1401,1,2,0,,True,دکتر مرتضی بلوچ,False
3493882,34816536,خوب بود فقط آی وی کار نکرد,نسبت به قیمتش خوب وعالی کم هنگ میکنه منو زیبا کارامد من راضی هستم,25 اردیبهشت 1401,4,0,0,recommended,True,علیرضا مهرفر,False
3493882,34587555,,دیر اومد,17 اردیبهشت 1401,4,0,0,,True,کاربر دیجی‌کالا,True
3493882,34462701,,عالی است,14 اردیبهشت 1401,5,0,0,recommended,True,کاربر دیجی‌کالا,True
3493882,33889154,,خوبه. یه کم تصویر بیرون زده بود اما تو تنظیمات میشد تصویر رو کوچک و منطبق کرد. کنترلش دید مستقیم IR هست و از پشت تلویزیون عمل نمیکنه. بلوتوث داره. برا کسایی که تلویزیون هوشمند ندارند مناسبه و حتی کسایی که هوشمند دارند و از توانایی سیستم عامل تلویزیون رضایت ندارند.,27 فروردین 1401,4,0,0,recommended,True,قاسم یوسفی سیمکانی,False
3493882,33773998,راضی نیستم,اگه بصورت آفلاین بخوابید باهاش کار کنید دستگاه خوبی هست ولی برای استفاده آنلاین باید به مودم چسبیده باشه و برد وایرلس و بلوتوثش در حد ۱ متر هست,24 فروردین 1401,0,1,0,,False,اردلان اسلامی,False
3493882,33675753,تلویزیون اینترنتی,دستگاه از ارزان ترین دستگاه های بازار است. و رم دو دارد که برای تماشا نمودن مناسب است. برای سایر امور نظر خاصی نداریم.,21 فروردین 1401,4,1,0,recommended,True,حمید صمدی,False
3493882,33605358,,دستگاه خط و خش داشت و بسته بندی آب خورده بود انگار. قیمت هم از سایر فروشگاهها کمی گرانتر بود,19 فروردین 1401,2,0,0,recommended,True,اسماعیل علی نژاد کسبخه,False
3493882,33552298,جنس ایرانی بی کیفیت,اول فکر میکنی کیفیت خوبی داره نسبت به این قیمت می ارزه بعد یه مدت استفاده پشیمونت میکنه,14 تیر 1401,2,2,0,not_recommended,True,کاربر دیجی‌کالا,True
3493882,33419965,,از خریدم به نسبت پولی که دادم راضیم,14 فروردین 1401,4,0,0,recommended,True,کاربر دیجی‌کالا,True
3493882,33415910,,قطعات از لحاظ سالم بودن برسی شود,14 فروردین 1401,1,3,0,no_idea,True,بهنام مارانیان,False
3493882,33334321,نسبت به قیمت وسخت افزارش خوب,توصیه می شود خوب,12 فروردین 1401,4,0,0,recommended,True,کاربر دیجی‌کالا,True
3493882,33175835,دستگاه خوبی است  بهتر است برای استفاده بهتر   از یک موس بی سیم نیز استفاده شود  شود,دستگاه خوبی است  بهتر است برای استفاده بهتر   از یک موس بی سیم نیز استفاده شود  شود,7 فروردین 1401,4,1,0,recommended,True,بابک دیهیم نیا,False
3493882,33029796,واقعا مزخرف,یه روز کار کرد روز دوم بعد از اینکه روشن کردم صفحه سیاه نشون داد فقط مجبور شدم مرجوع کنم,2 فروردین 1401,1,2,0,not_recommended,True,حسین ساعد,False
3493882,32853325,اندروید باکس,نسبت به پولش زیاد خوب نیست,27 اسفند 1400,3,0,0,no_idea,True,کاربر دیجی‌کالا,True
3493882,32852146,نسبت به قیمت،عالی,با تشکر از دیجی کالا,26 اسفند 1400,5,0,0,recommended,True,محمدحسن فاضل کاریزمه,False
3493882,32594733,محصول ایرانی,در کل محصول خوبی هست,20 اسفند 1400,4,0,0,recommended,True,شاهین عروجی,False
3493882,31739631,در حد قیمت خودش خوبه,فعلا که خوب بوده و اذیت نکرده!,30 بهمن 1400,4,1,0,no_idea,True,سید مهدی موسوی,False
3493882,31147900,برایکسانی که گوشی هوشمند خیلی خوب است,خوبه,19 بهمن 1400,1,0,0,recommended,True,کاربر دیجی‌کالا,True
3493882,30658591,اندروید باکس,اندروید باکس پاناتک,29 بهمن 1400,5,0,0,recommended,True,کاربر دیجی‌کالا,True
3493882,30640811,ه,عالی بود عالیییییییییییی,6 بهمن 1400,5,0,0,recommended,True,مایسا بهرامی عبدالملکی,False
3493882,30044689,اندروید باکس,به نسبت قیمت خیلی خوب بود. ما راضی هستیم.,22 دی 1400,4,0,0,recommended,True,سید علیرضا رضوی,False
3493882,29683467,خوبه ، کنارش یک موس بی‌سیم هم بخرین,"نسبت به قیمتش خوبه
نظرات رو خوندم ، دیدم خریداران برندهای گرون تر هم ناراضی هستن ، واسه همین این دستگاه رو انتخاب کردم ، تا دستگاه ۲ میلیونی همین کارایی داره
پس بهتره همین رو بگیرین",14 دی 1400,4,0,0,recommended,True,کاربر دیجی‌کالا,True
3493882,29603510,نخرید,والا من اینو بر اساس رضایت برادرم ازین برند خریدم ولی فقط تونستم نیم ساعت فیلم ببینم بعدش هر ده دقیقه ریبوت میشه منم مرجوع کردم خدا کنه که پس بگیرن .,11 دی 1400,2,2,0,no_idea,True,پری نصیری,False
3493882,29435269,توصیه  نمیکنم,سیستم عامل ضعیف,6 دی 1400,0,1,0,not_recommended,True,بابک یزدان پناه,False
3493882,28918688,امکانات تلویزیون هوشمند را به تلویزیون معمولی اضافه می کند ,عالی است ولی انتقال صفحه گوشی را انجام نداد ,26 آذر 1400,4,0,0,recommended,True,حسن آصف,False
3493882,26616865,,اصلا نتونستیم استفاده کنیم حتی تلفن پشتیبانی هم نداره بیچاره شدیم کنترل ضعیف با موس وصل شدیم اون هم هزینه جدا یه اشغال واقعی حیف این همه پول دادیم منو دشوار و سخت برنامه های اپدیت نشده,27 مهر 1400,2.78,2,1,not_recommended,True,حسین  مقدسیان,False
3493882,26374556,اندروید باکس,من قصد خرید تی وی هوشمند داشتم اما با اندروید باکس کارم راه افتاد و واقعا عالیه ,19 مهر 1400,0,0,0,recommended,True,علیرضا راعی,False
3493882,26337932,,"این محصول بر خلاف توضیخات فروشندگان که اعلام میکنند اندروید باکس هستش , در واقعیت یک اندروید تی وی باکس هستش و کلا بدرد نمیخوره در مقایسه با اندروید باکس و بنظرم نوعی انحراف ذهن خریدار هست  اینگونه عناوین غیر واقعی",18 مهر 1400,3,6,0,not_recommended,True,کاربر دیجی‌کالا,True
3493882,26173678,خوب کار نمیکنه,هر بار که از دستگاه استفاده میکنی بلید نرم افزار مورد نظرت رو دوباره نصب کنی، مثلا فیلیمو,13 مهر 1400,1,1,0,not_recommended,True,کاربر دیجی‌کالا,True
3493882,25952116,بلوتوث گوشی به دستگاه وصل نمیشه,"سلام دوستان عزیز
بلوتوث گوشی چطور به اندروید باکس وصل میشه",7 مهر 1400,3,0,0,,False,aydin samadian,False
3493882,25940710,مشکل نرم افزاری,مشکل نرم افزاری,7 مهر 1400,0,0,0,recommended,True,محسن رضایی,False
3493882,25926458,بد نیست,نتیجه چند ساعت کار رو میگم.رابط کاربری متوسط رو پائین،با موس بیسیم نشانگر اونقدر سریع حرکت میکنه که مثل اسنایپر برای کلیک کردن باید نشانه گیری کرد.گزینه های زیادی برای تنظیمات نداره،برای کلیک کردن توی سیستم باید یه جای کاملا مشخص کلیک کنی،انگار کالیبره نیست،موقع نصب برنامه یه کم اذیت کردو پرید بیرون.فیلیمو رو هر دفعه وارد میشی آپدیت رو باید دانلود کنی که با نصب نسخه ای که دوستان گفتن مشکل حل شد.آیکون بزرگ برنامه های رو صفحه خانه حتی با پاک کردن برنامه ها هم نمیره،کلا نرم افزار خیلی ضعیفه.اما از خوبی هاش بگم،کیفیت تصویرش خیلی عالیه،راحت به وایفای متصل میشه،خیلی راحت و بدون دانگل به هدفون بلوتوث وصل شد،کلا یه کم باهاش کار کنید عادت میکنید.امید وارم که مشکلات نرم افزاریش با آپدیت حل بشه.نکته دیگه اینکه تا برج ۱۱ گارانتی داشت برای من.نظرم رو اصلاح میکنم،تونستم گوشی رو میرور کنم رو تلویزیون،روی اندروید باکس برنامه ایر اسکرین رو نصب کنید،اگر گوشیتون توی تنظیمات وایرلس اسکرین داره به راحتی متصل میشه،فقط بار اول ممکنه یه کم زمان ببره،اگر نداره برنامه گوگل هوم رو نصب کنید،با این دو روش تصویر عالی و بدون لک پخش میشه.برای پخش هم میتونید از برنامه پوت پلیر استفاده کنید.,16 اسفند 1400,3,2,0,recommended,True,کاربر دیجی‌کالا,True
3493882,25673498,,کیفیت تصویر عالی. تمام اپلیکیشن های مورد نیاز داره. تصمیم داشتیم تلوزیون هوشمند بخریم ولی با همین دستگاه تمام نیازمون بر طرف شد,1 مهر 1400,5,1,0,recommended,True,نجمه عرفان منش,False
3493882,25264629,خریدار,در کل چیزه خوبیه  بخرید بدرد میخوره,22 شهریور 1400,4,0,0,,False,مهرداد  مخلصی ,False
3493882,25232903,کیفیت خوب,هنوز جا نیفتاده,10 مهر 1400,1.89,0,0,not_recommended,True,کاربر دیجی‌کالا,True
3493882,25035917,ضعف کنترل,با کنترل به سختی میشه تو صفحه جابجا ش,16 شهریور 1400,0,0,0,not_recommended,True,حمید رضایی,False
3493882,24776357,جعبه داغون,قشنگ دستگاه دست دوم ارسال شده,11 شهریور 1400,2,2,0,not_recommended,True,سامان آذرخوش,False
3493882,24769715,,از همه نظر عالی,11 شهریور 1400,4,0,0,recommended,True,کاربر دیجی‌کالا,True
3493882,24508026,اندروید باکس,"دستگاه خوبیه
البته ما فقط برا فیلم دیدن از نماوا و فیلیمو گرفتیم
کنترل معمولی داره که خدا رو شکر کنترل تلویزیون ما بهش خورد (تلویزیون پلاسمای پاناسونیک)
یه موس بی سیم هم براش گرفتم
من که راضیم",5 شهریور 1400,4,1,0,recommended,True,اسماعیل عباس نژاد,False
3493882,24349455,Android box,دستگاه خوبیه. من با این حال که کیبرد و موس بهش وصل کردم ولی باز user friendly نبود که مجبور شدم لانچر ویندوز 10 نصب کنم که یکم بهتر شد. در کل دستگاه خوبیه نسبت به قیمتش اگر ازش انتظار کامپیوتر یا موبایل رو نداشته باشیم یعنی با موبایل کار کردن به مراتب راحت تر از اندروید باکس است. ,1 شهریور 1400,4,1,0,recommended,True,کاربر دیجی‌کالا,True
3493882,24289894,خوب بود,خوب بود عالی,30 مرداد 1400,4,0,0,recommended,True,Mohamad Vj,False
3493882,24267693,دستگاه اندروید باکس,دستگاه بیشتر مواقع به حالت زبان اصلی که چینی میباشد بر میگردد,30 مرداد 1400,0,1,0,recommended,True,مهدی  فرجی,False
3493882,24138619,عالی,من در خریدش خیلی شک داشتم چون بعضی نظرهای منفی ک دیدم ناامید شدم اما ریسک کردم و خریدم الانم چند روزه استفاده میکنم همه چیزش عالی هستش نه داغ میکنه نه کنترلش ضعیفه فقط بعضی وقت ها گیر میکنه بخاطر بعضی برنامه ها من همراش یه موس با کیبورد هم سفارش دادم خوبیش اینه هم برنامه های اندروید تی وی و هم اندروید موبایل جواب میده عکسشو میذارم ببینین خوشتون اومد لایک کنید,3 شهریور 1400,5,78,2,recommended,True,ابوالفضل عباس زاده,False
3493882,24134620,درکل نسبت به قیمتش خوبه,اندروید باکس کار راه اندازی می باشد,26 مرداد 1400,0,1,0,recommended,True,خالد ساکی,False
3493882,24107914,خیلی خوب,با سلام خدمت دوستان من از این اندروید باکس راضی هستم ، رم ۲ حافضه داخلی ۱۶ داره فقط این رو در نظر داشته باشین که برنامه ها رو خودتون از گوگل دانلود کنید و بعد نصب کنید ، کار با گوگل پلی هم با هاش راحته هر برنامه ای روش نصب میشه ، به بلوتوث هم  نصب میشه از بخش تنظیمات ، برای فیلم دیدن و وب گردی هم عالی هستش ، برای راحت کار کردن یک ماوس تهیه کنید در ضمن فقط کمی باید کار بلد باشین و از اندروید سر در بیارین,26 مرداد 1400,4,2,0,,False,کاربر دیجی‌کالا,True
3493882,23863645,نسبت به قیمت خوبه ,در کل دستگاه خوبیه ولی به نظر من کنترل تو دستگاه اندروید باکس یه چیز اضافه بدرد نخوره به جاش یه موس باهاش تو کارتن بزارن خیلی بهتره,19 مرداد 1400,3,2,0,recommended,True,سید علی ها شمی نسب,False
3493882,23368130,عالی نسبت به قیمت,بعد چند ماه استفاده نسبت به قیمتش هیچ آندروید باکس زیر یک تومن بهش نمیرسه رام 2 واقعی داره حافظه 16 واقعی البته‌ بلوتوثش هم عالیه فقط توی تنظیمات نیست و یک باگ محسوب میشه باید یک برنامه بلوتوث نصب کنید و از اونجا به تنظیمات بلوتوث برید هدفون یا هرچی وصل میشه یک مینی کیبورد هم بهش وصل کنید از هر نظر عالی میشه,4 مرداد 1400,5,2,0,,False,کاربر دیجی‌کالا,True
3493882,22827366,پیشنهاد نمی کنم,سیستم عاملش اندروییده و اندرویید تی وی نیست. کار کردن باهاش بدون موس سخته، آیکون ها و نوشته ها ریز هستن و مناسب تلویزیون نیستن.,19 تیر 1400,2,1,0,not_recommended,True,محمد رضا دینیان,False
3493882,22811427,عالی در یک کلمه حرف نداره مرسی از دیجی کالا,عالی در یک کلمه حرف نداره مرسی از دیجی کالا,19 تیر 1400,5,1,0,recommended,True,کاربر دیجی‌کالا,True
3493882,22798361,خریدار,پیشنهاد میکنم بخرید من راضی هستم,19 تیر 1400,5,1,0,recommended,True,زهرا ایمانی,False
3493882,22729847,خوبه,کار راه اندازه ، و من فیلیمو را نصب کردم و اشتراک گرفتم خوب کار میکنه ، در ضمن هم گوگل پلی و هم کروم رو خوب جواب میده ,16 تیر 1400,4,0,0,recommended,True,کاربر دیجی‌کالا,True
3493882,22289618,نمی ارزه و واقعا هنگ میکنه,واقعا نا امید کنندس منکه مرجوع کردم ینی دلم میخواست حداقل یکم قوی تر میبود از نظر قدرت پردازش اما متاسفانه بدرد وب گردی هم نمیخوره فقطو فقط بدرد فیلم دیدن میخوره رابط کاربری خوبی داره موس خود کنترول بدرد نمیخوره جدا براش بگیرین و در انتها هیچ برنامه ای رو نمیتونی از کروم براش دان کنی باید بریزی تو فلش یا رم بهش بزنی بعد نصب کنی,3 تیر 1400,1,0,0,not_recommended,True,مصطفی نصرالله زاده زواردهی,False
3493882,22056119,اندرویدباکس پاناتک,نظرشخصیم دستگاه خوبیه وکارش عالیه ولی به تمامی تنظیماتش نمیشه دسترسی پیداکردو برای حل این مشکل کافیه یک برنامه ازگوگل پلی به نام جینا براش نصب کنید بااین برنامه میتونید به تمام تنظیمات وبرنامه هاش دسترسی پیداکنید,24 مرداد 1400,4,0,0,recommended,True,صباح سودانی,False
3493882,21804977,,عالی البته اگر طریقه استفاده از انرا بدانید به این معنی که کنترل انرا به کناری نهاده کنترل بر روی گوشی خود دانلود کنید و از ان برای وب گردی استفاده کنید ضمنا برای میرور کردن گوشی خود نیز میتوانید اپلیکیشن بر روی گوشی و نیز خود دیوایس دانلود کنید و با اتصال به یک WIFI مشترک از ان لذت ببرید ,21 خرداد 1400,5,0,0,recommended,True,پیام  حسنخانی,False
3493882,21491497,اندروید باکس پاناتک,خیلی کوچک و جمع و جور ماوس و کیبورد وصل میشه در نهایت خیلی عالیه,12 خرداد 1400,3,2,0,recommended,True,سید علیرضا رضوی,False
3493882,21410305,خوبه,من راضیم تقریبا یه هفته دارم استفاده میکنم و خیلی راضیم,10 خرداد 1400,4,0,0,recommended,True,یزدان عنبرستانی,False
3493882,21262213,اندرویدباکس پاناتک,"اصلا خوب نیست وقتی اوردنش دیدم باتری ها توی کنترل بودن
من هم مرجوعش کردم
بنظر من نخرین بهتره.",6 خرداد 1400,3,0,0,not_recommended,True,جلیل تقی زاده,False
3493882,21169148,,"واقعا هیچوقت جنس الکی به خهطر ارزان بودنش نخرید چون مثل من واقعا پولتون هدر میره. یا نخرید یا چیز خوب بخرید
مراقب باشید سیستم اکثرشون android tv که افتضاحه ولی اگر android باشه بهتره",3 خرداد 1400,1,2,0,not_recommended,True,محمدرضا محمدی,False
3493882,21160845,کیفیت ,"خیلی خوبه 
کار امد قیمت متاسب",11 خرداد 1400,0,0,0,recommended,True,شهرام  رسولی,False
3493882,20899214,عالی به نسبت قیمت,"به نسبت قیمت، عملکرد بسیار عالی هست و بعد از ۳ ماه مشکلی باهاش نداشتم.
فقط بهتر بود نرم افزارهای cast رو بصورت پیش فرض روش نصب می‌کردند.
شاد و پیروز باشید.",27 اردیبهشت 1400,5,0,0,recommended,True,محمدعلی سبط الشیخ انصاری,False
3493882,20656005,عالیه,"تازه دستم رسید ،خیلی کوچیک و جمعو جوره که خیلی خوبه 
و حافظش هم خوبه و اینکه مموری هم می خوره 
زبان فارسی رو پشتیبانی میکنه 
و برای فیلم دیدن خیلی عالیع
ولی خب موس که بهش وصل میکنی یکم سرعت موس بالاس که نمی دونم درست میشه یا نه 
و اینکه کنترلش خیلی نازکه .
درکل خوبه پیشنهاد میکنم",23 دی 1400,5,0,0,recommended,True,فرزاد طالبی,False
3493882,20406158,اندروید باکس , نسبت  به قیمت عالی بود,15 اردیبهشت 1400,5,0,0,recommended,True,نیلوفر ستایش,False
3493882,20345981,رابط کاربری کاربرپسند,به پیشنهاد دوستان گرفتم. خیلی خوب بود.. بعضی از دوستان از اختلال درشبکه وای فای نوشته بودن که درمورد این دستگاه همچین موردی تا الان برنخوردم وبه صورت بی سیم به شبکه وای فای وصل کردم,14 اردیبهشت 1400,4,1,0,recommended,True,رسول پاکسرشت صوفی,False
3493882,20038502,کیفیت مناسب,پیشنهاد می شود,7 اردیبهشت 1400,0,2,0,recommended,True,عبدالصمد صحرائی,False
3493882,19989679,,برای انتقال تصویر گوشی باید روی گوشی نرم افزار smart view و روی اندروید باکس نرم افزار. Air screen  نصب کنید,6 اردیبهشت 1400,4,2,0,recommended,True,مریم قوام,False
3493882,19738114,کم حجم و شرکتش خیلی پشتیبانیه خوبی داره,نسبت به هزینه ای که میکنید ارزش نداره,19 اردیبهشت 1400,1.89,0,0,no_idea,True,سجاد رجب لو,False
3493882,19526822,,"من این محصول را به مدت یک هفته هست که خریداری کردم.فعلا که خوب کار می کنه 
نسبت به قیمتش کارایی خوبی داره من که راضیم 
",27 فروردین 1400,5,0,0,recommended,True,کاربر دیجی‌کالا,True
3493882,19311157,اندروید باکس tv,خوبه بدنیست ولی خداییش به نسبت قیمتش، امکانات خوبی داره،ولی یذره کنده،,24 فروردین 1400,4,1,0,no_idea,True,زهرا اسلامی,False
3493882,19200232,خرابی دستگاه,"سلام و ادب
دستگاه اندروید باکس پس از باز کردن بسته جهت بازدید و راه اندازی، متوجه شدیم اصلا روشن نمیشود.
مسافرت بودیم و امروز پس از برگشت از مسافرت با خرابی دستگاه مواجه شدیم.
لطفاً راهنمایی بفرمایید.",18 فروردین 1400,0,2,0,not_recommended,True,حمید شیخ زاده,False
3493882,19154424,اندروی باکس,ممنون از دیجی کالا بابت اوردن همچنین کالای با کیفیتی,9 اردیبهشت 1400,4.89,1,0,recommended,True,امین منصورزاده,False
3493882,19073618,مناسب,کیفیت مناسبی دارد,15 فروردین 1400,3,2,0,recommended,True,کاربر دیجی‌کالا,True
3493882,18944214,,سلام مدت کوتاهی است از این دستگاه استفاده می کنم براحتی به وای فای نصب شد و برای پخش فیلم مشکلی نداشت برای کارهای عمومی مناسب است ولی برای کاربری حرفه ای گزینه های قوی تر پیشنهاد می شود,10 فروردین 1400,3,2,0,no_idea,True,کاربر دیجی‌کالا,True
3493882,18927515,دستگاه خوبیه فقط باید وای فای بهش نزدیک باشه,دستگاه خوبیه فقط باید وای فای بهش نزدیک باشه,10 فروردین 1400,0,3,0,recommended,True,Omid Garoosi ,False
3493882,18918872,اندروید باکس tv,امکانات خوبی داره،خوب دانلود میکنه،بدنیست!,9 فروردین 1400,4.78,1,0,no_idea,True,فائزه باباخانی,False
3493882,18597123,هنگ و ریست,"با ۶ر بار روشن و خاموش شدن ، زبانش به چینی بر میگشت . هنگ میکرد و ریست میشد
نمیدونم دلیلش چی بود ، شاید واسه من ایراد داشته 
در کل توصیه نمیکنم",27 اسفند 1399,1,5,0,not_recommended,True,کاربر دیجی‌کالا,True
3493882,18582919,خوبه ,"سلام به نظر من برای فیلم خوبه 
فقط نرم افزار فیلیمو داخل اندروید باکس به درد نمیخوره باید نرم افزار اندروید تی وی فیلیمو رو نصب کنین خیلی عالی میشه (وگرنه نرم افزار خودش اذیت می‌کنه )",27 اسفند 1399,4,3,0,recommended,True,کاربر دیجی‌کالا,True
3493882,18522916,بخرید خوبه,"من تجربه 10روزمو میگم، واقعا اذیت نمیکنه این دستگاه راحت میتونی باهاش فیلم ببینی
فقط یه موس بی سیم بگیرید براش که راحت باشید",25 اسفند 1399,4,1,0,recommended,True,فربد کربلایی حبیب,False
3493882,18462021,کیفیتش عالی,"حتما از نماوا اندروید تی وی استفاده کنید
من که راضی ام خوبه",24 اسفند 1399,5,2,0,recommended,True,کاربر دیجی‌کالا,True
3493882,18395465,راضی ام ازش,درکل به نسبت پولی که میدین خوبه,22 اسفند 1399,4,0,0,recommended,True,مرتضی  بختیار نژاد,False
3493882,18365728,,خیلی عالی هست و حتما پیشنهاد میکنم,22 اسفند 1399,4.67,1,0,recommended,True,علی محسنی,False
3493882,18314613,اندروید باکس tv,"تازه گرفتم بدنیست،خوبه،
خیلی خوبه،10روزه گرفتم همه چیز توش هست،
مثل موبایله!ولی هیچ اکانت تشویقی برای نماوایافیلیمو نداره",30 اسفند 1399,3.78,1,0,recommended,True,کاربر دیجی‌کالا,True
3493882,18281289,فقط برای تماشای فیلم مناسب هست,فقط مناسب تماشای فیلم ,20 اسفند 1399,0,1,0,not_recommended,True,seyed mohamad moosavi,False
3493882,18215192,عالیه دوستان من یکساله خریدم این دستگاهو نه داغ می کنه تصویرش عالیه  اصلا هنگ نمی کنه  برای فیلم دیدن عالیه اگه کسی می خواد اندروید باکس بخره همینو بخره چون قیمتش خیلی خوبه ولی به درد بازی های سنگین نمی خوره,سلام دوستان بنده چند روزی هست که این دستگاه رو خریدم تا الان که خیلی خوب بوده فقط جنسش پلاستیکه که خیلی نازکه,7 دی 1400,4,0,0,recommended,True,کاربر دیجی‌کالا,True
3493882,18209436,کیفیت ظاهری و داخلی,خرید مناسبی می باشد. موس با سیم را وصل کرده ام و به راحتی استفاده کردم. حافظه کافی برای نصب برای دیگر. البته برنامه های پیش فرض کافی می باشد. نگران گارانتی بودم که در مشخصات دستگاه ننوشته بود که دستگاه دارای گارانتی یکساله می باشد. ,18 اسفند 1399,0,0,0,recommended,True,جعفر صادقلو,False
3493882,18150019,نسبت به قیمت بسیار خوب,دوستان من خودم قبلا چند تا تی وی باکس داشتم برای همین کاملا با خصوصیات و عملکرد این دستگاهها آشنا هستم ساعت اول که دستگاه روشن کردم داشتم نا امید میشدم و قصد داشتم مرجوعش کنم اما با کمی صبر فهمیدم اکثر مشکلاتش بخاطر فریمور ضعیف نصب شده است وگرنه سخت افزار خیلی خوبی داره ! مثلا برای نصب آپ ها در گوگل استور بیشتر نرم افزار ها رو خطای عدم پشتیبانی میزنه در کافه بازار هم این مشکل هست که برای حلش باید نرم افزار جدا از سایت های معتبر دانلود و نصب کنید یا مثلا وقتی دکمه پاور کنترل میزنی کلا دستگاه خاموش میشه و به حالت آماده به کار نمیره که برای حلش نرم افزاری با عنوان دکمه منو و یک نرم افزار دیگر بنام  غیرفعال کردن صفحه را  نصب کردم که مشکل حل شد  و لازم نیست هر باز یک دقیقه صبر کنم تا روشن بشه این نرم افزار ضعف های دیگر لانچر مثل نبود دکمه home یا کم و زیاد کردن صدا یا حتی عکس گرفتن از صفحه را جبران میکنه و خیلی کم سراغ کنترل می روید بعضی از دوستان گفته بودند کنترلش ضعیفه من از فاصله ۴ متری راحت باهاش کار کردم و در آخر لانچر و  فریمور دستگاه بخاطر ضعفش اجازه دسترسی به خیلی از تنظیمات نمیده که برای حلش نرم افزاری با عنوان بلوتوث (البته به انگلیسی) را از بازار نصب کنید این نرم افزار در واقع یک میانبر از بلوتوث ایجاد میکنه که وقتی وارد تنظیمات بلوتوث میشید با کلیک روی فلش برگشت بالای صفحه وارد تنظیمات اصلی تی وی باکس میشوید مانند تترنینگ که حتی اینرنت لن بصورت وای فا به اشتراک میگذارد به نظرم این دستگاه قیمتش از نظر سخت افزاری بیشتر از این حرف هاست اما بخاطر مونتاژ در ایران همانطور که زیر دستگاه نوشته باعث شده ارزان تمام شود در کل با یک آپدیت سازنده از طرف سازنده واقعا عالی میشود.,17 اسفند 1399,4.67,1,0,recommended,True,ولی الله  عابدیان,False
3493882,18057921,اندروید باکس پاناتک,"وقتی نظر میدیم قراره همدیگه رو راهنمایی کنیم تا بقیه هم مثل ما با خریدشون خوشحال بشن یا جلوگیری کنیم از هدر رفتن وقت بقیه.همیشه و همه جا مثل دیجی کالا فرصت اینو نداریم مثل من اگر تجربه خوبی با خرید نداشتین مرجوعش کنین.
این دستگاه روی کاغذ چیزی از هم رده هاش که حتما سرچ کردین و میدونین نداره ولی در عمل بسیار ضعیف عمل میکنه،اگر مثل من دنبال هوشمند کردن تلویزیونتون هستین و از برنامه های صدا سیما خسته شدین این محصول آخرین انتخابتون باشه،چون لانچر به شدت افتضاحی داره،خیلی داغ می‌کنه هر بار خاموش و روشن کردنش لااقل 5 دقیقه وقتتونو میگیره،با کانکت شدن وای فای مشکلی نداشتم ولی رابط کاربری خیلی بده،عملا چیزی به نام بلوتوث نداره و با بقیه دیوایس ها باید اینو پیدا کنین که مثلاً با یه اسپیکر بلوتوث غیر ممکنه این کار،سرعت موس بسیار بالاست که هیچ تنظیمی برای کاهش سرعت وجود نداره،یکی از درگاه های یو اس بی کار نمی‌کرد، به قدری سبکه که وقتی اچ دی ام آی نصب میکنید تحت تأثیر سنگینی کابل دستگاه به جلو خم میشه،کنترل عملا هیچ کارایی ندارد.
در کل ب نظر من ارزش خرید نداره و مرجوعش کردم و یه کالای جایگزین از همین سایت خریدم.
سرچ کنین و محصولی که می‌خرید جزوه بهترین های بازار ایران باشه با 300,400تومن اختلاف خیلی بیشتر خوشحال تر میشین تا خرید این کالای بی نام و نشون و گم نام.",15 اسفند 1399,1,10,0,not_recommended,True,میلاد حسن نژاد,False
3493882,17600980,,نسبت به مشخصاتش قیمتش مناسب بود ، ولی هرکاری کردم نتونستم گوشی رو به دستگاه متصل کنم ، واسه همین میخام مرجوعش بدم,4 اسفند 1399,3,0,0,no_idea,True,جواد مسلمی,False
3493882,17557279,یک محصول عالی و به دردبخور,میشه تصویر گوشی موبایل رو به تیوی انتقال داد. پخش ویدیوی 4k از روی فلش مموری,3 اسفند 1399,5,0,0,,False,کاربر دیجی‌کالا,True
3493882,17552703,عالی,"در خریدش شک نکنید اگه برا دیدن فیلم میخواین
عالی",3 اسفند 1399,4,0,0,recommended,True,مرتضی رستمی,False
3493882,17521427,اندروید باکس,دستگاه رو برای مادرم خریده بودم . قبل از اینکه ببرم خونشون توی خونه خودم با کابل شبکه امتحان کردم خیلی خوب بود و مشکلی بابت پخش نداشت . البته نسخه فیلیمو و نماوا رو به نسخه اندروید تی وی تغییر دادم . کنترلش خیلی ضعیف بود ولی با کنترل تلویزیون سونی سینک شد و تونستم کارم و راه بندازم . یه مشکل کوچولو تو تنظیم ساعت خودکار داشت که وقتی میخواستم نقطه زمانی رو روی تهران تنظیم کنم از برنامه میومد بیرون . شب که دستگاه رو بردم خونه مادرم که نصب کنم به دلیل اینکه کابل شبکه نداشتم مجبور شدم از اینترنت بی سیم استفاده کنم . که متوجه شدم دستگاه با وجود اینکه به وای فای متصل میشه ولی به اینترنت وصل نمیشه و اون پایین مینویسه متصل بدون اینترنت . این کار و با هات اسپات گوشی هم امتحان کردم باز هم همون نتیجه رو داشت.  مجبور شدم مرجوع کنم . در کل هم ظاهر دستگاه هم تم اندرویدش جالبه ولی دستگاه من ایراد  فنی داشت .,3 اسفند 1399,4.33,1,0,no_idea,True,امیر حائری,False
3493882,17434910,,"ای بدک نیست
",1 اسفند 1399,3.67,0,0,recommended,True,سجاد اسکندری,False
3493882,17333122,پاناتک,"راضی هستم
به نسبت قیمت کارایی و کیفیت خوبی داره",28 بهمن 1399,3.56,0,0,recommended,True,حسین جرفی,False
3493882,17059081,,عالیه نسبت به قیمت,21 بهمن 1399,5,0,0,recommended,True,رضا غفوریان بروجردنیا ,False
3493882,16968517,,من واسه بازی گرفته بودمش ولی متاسفانه هیچ بازی رو پشتیبانی نمیکرد مجبور شدم مرجوع کنم,19 بهمن 1399,3,0,0,no_idea,True,کاربر دیجی‌کالا,True
3493882,16890471,,"من اول اندروید باکس دیگه ای از دیجی کالا سفارش دادم که واقعا بیخود بود و مرجوعش کردم و بجاش اینو خریدم. توی این مدتی که ازش استفاده میکنم واقعا راضی بودم، اصلا قطعی نداشته، سرعت خوبی داره و خیلی برنامه های کاربردی رو نصب داره. فقط نکته ای که هست اینه که برنامه ی فیلیمویی که به طور پیش فرض روش نصب شده مخصوص اندرویده و اگر بخواید با کنترل دستگاه کار کنید، موقع کار با فیلیمو خیلی به مشکل بر میخورید، ولی اگر خودتون نسخه ی اندروید تی وی فیلیمو رو نصب کنید حتی با کنترل هم به راحتی و بدون دردسر میتونید ازش استفاده کنید. برای من حتی با کنترل خود تلوزیون که سونی هست هم کار میکنه و بجز خاموش و روشن کردن دستگاه نیازی به کنترل خودش ندارم. توی نظرات هم گفته شده بود اگر فاصلش با مودم زیاد شه قطع میشه که برای ما فاصله ی زیادی با مودم داره اما قطعی ای نداشته. فقط اگر داشتن قابلیت بلوتوث براتون خیلی مهمه باید بگم من هنوز نتونستم تنظیمات بلوتوثشو پیدا کنم و کلا از بلوتوث استفاده کنم که البته مشکلی هم برام پیش نیاورده. 
در نهایت به نسبت هزینه ای که پرداخت میکنید و با توجه به اینکه یک سال گارانتی داره، برای دیدن فیلم و سریال و کارهای روزمره فوق العادست.",17 بهمن 1399,5,2,0,recommended,True,حانیه نعیمی راد,False
3493882,16858355,خیلی خوبه,خیلی خوبه فقط وقتی اینستا نصب میکنی روش میری تو اینستا تصویرش خیلی زومه درست هم نمیشه ولی در کل خوبه,16 بهمن 1399,3,0,0,recommended,True,فرشاد شفیعی,False
3493882,16842898,خوبه توصیه میشه,"همه چیش خوب بود فقط نمی‌دونم چرا قابلیت بازتاباندن گوشی تو تی وی رو نداره
سرعت بالا 
بدون لگ",16 بهمن 1399,0,0,0,recommended,True,مسعود موسوی,False
3493882,16800503,,به هيچ عنوان دستگاه خوب نبود,15 بهمن 1399,1.67,0,0,not_recommended,True,حسین نژادزنگنه,False
3493882,16763638,کیفیت پایین,"من با توجه به قابلیت های این دستگاه بعد از مقایسه با موارد هم رده خودش این دستگاه رو انتخاب کردم، اما متاسفانه وجود رم و حافظه ی بالا و خروجی صدا اپتیکال و ویژگی های خوب دیگه،  در صورتی که نشه با دستگاه کار کرد ارزش نداره.
ریموت کنترل فوق العاده ضعیف است و کار کردن با دستگاه رو عملا مختل میکنه. مرجوع کردم.",14 بهمن 1399,1,0,0,not_recommended,True,کاربر دیجی‌کالا,True
3493882,16659070,بسیار عالی و مناسب نسبت به قیمت,بسیار عالی و مناسب نسبت به قیمت,11 بهمن 1399,5,0,0,recommended,True,مسعود دادخواه,False
3493882,16461871,ریموت کنترل,من تعمیرکار صوتی تصویری هستم دوتا از این دستگاه رو گرفتم واقعا از کیفیتش راضی بودم برا ال ای دی سونی استفاده کردم عالی بود از نظر کیفیت تصویر و برنامه ها ونکته خوبش این بود که نگران خراب شدن ریموت کنترل و گیر نیومدن اون بودم که خوشبختانه دیدم با ریموت کنترل خود تلوزیون سینک شد .,6 بهمن 1399,0,0,0,recommended,True,علی اصغر خرم دوست,False
3493882,16434947,دستگاه خوبب هست,تقریبا همه چیش خوبه نسبت به قیمت با مقایسه با برندای دیگه وفقط بلوتوث انگار نداره,6 بهمن 1399,4,0,0,,False,نیایش مظاهری,False
3493882,16411410,اون چیزی که انتظار داشتم نبود مرجوع کردم,ارزش خرید نداره,5 بهمن 1399,2.44,0,0,not_recommended,True,فرداد غلامرضایی,False
3493882,16326800,گرافیک مناسبی داره,نسبت به رام 2 گیگابایتی و حافظه داخلی 16 گیگابایتی انصافاً خوبه به نظرم 5 تا ستاره حقشه,3 بهمن 1399,0,4,1,recommended,True,فاضل  صفری خانمحمد ,False
3493882,16313737,,تو تخفیف خوب  بود,2 بهمن 1399,2.11,2,0,not_recommended,True,سعید نظام نظری,False
3493882,16246791,بررسی تخصصی,"تا الان نشده حتی یک دونه از کامنتهای انتقادی من در این سایت تایید بشه و همشونو میزنه عدم تایید
فکر کنم حداقل 50تا کامنت تایید نشده دارم که همشون انتقاد از محصولات بوده ولی اگه تعریف کنم حتما تایید میشه.
بعد از یک ماه استفاده نظرمو در موردش میگم:
اندازه دستگاه به اندازه بقیه دستگاه هاست ولی اینکه حداقلش یه اسم داره نسبت به اونها یه قدم بالا تره
روشن شدنش حدود بیست سی ثانیه طول میکشه اوایل زیاده ولی بعدا عادی میشه
شرکت اسمبل کننده در مورد مشخصات سخت افزاری این محصول صداقت نداشته و اطلاعات سخت افزاری اون دقیق نیست
مشخصات سخت افزاری بر اساس داده های cpu z :
پردازنده اون Amlogic S805X هست که یک پردازنده 32 بیتی با حداکثر سرعت 1.2گیگاهرتزی هستش که با اطلاعاتی که سازنده داده خیلی اختلاف داره؟!
حافظه داخلی 12 گیگ هستش
بلوتوث دستگاه فقط قابلیت اتصال به اکسسوری داره و به گوشی متصل نمیشه. البته بلوتوث با ماژول وای فای مشترک هست
گرمای دستگاه در حد نرمال هستش 
کیفیت کنترل دستگاه خیلی پایینه و امکان خرابیش بعد از مدتی کوتاهی استفاده وجود داره.
به علت 32 بیتی بودن تعداد نرم افزار هایی که بشه روش نصب کرده به نسبت کمه. فیلتر شکن روش نصب شد و کار کرد. یوتیوب پیش فرضش نسخه تی وی هستش که با کنترل خود دستگاه به راحتی کار میکنه. فیلیمو رو پاک کنید و نسخه تی وی رو نصب کنید که کار با کنترل رو راحت میکنه
از توی تنظیمات منو چند بار پشت سر هم روی built کلیک کنید که بعدش یه گزینه for developers به منو اضافه میشه که از طریق اون به تنظیمات تخصصی بیشتری دست پیدا میکنید
زبان فارسی به طور پیش فرض در کیبورد وجود نداره که باید دستی تنظیمش کنید
دستگاه قابلیت کار با میکروفن رو نداره که بالطبع باید کار کردن با دستیار صوتی رو فراموش کنید
خروجی تصویر این دستگاه حداکثر رزولوشن فول اچ دی در فرکانس 60 هرتز رو پشتیبانی میکنه و اگر تلویزیون شما فورکی باشه باز هم رزولوشن اون فول اچ دی هست ولی البته قابلیت پخش فورکی داره
با فعال کردن CEC میشه با کنترل تلویزیون این دستگاه رو کنترل کرد. حافظه داخلی 12 گیگ هستش نه 16 گیگ!؟
کیفیت اتصال وای فای خوبه و اصلا قعطی نداشتم. با ایرماوس هم به خوبی کار میکنه. کیفیت رنگ و تصویر خروجی دستگاه هم نسبتا خوبه ولی عالی هم نیست.
البته قابل ذکره که دستگاهی که واسم فرستادن قبلا باز شده بوده و برچسبش باز بود و باتری هاش توی کنترلش بود و روش کلی اثر انگشت بود. نقطه قوت واقعی این تیوی باکس قیمتشه و در غیر این صورت با توجه به سرعت پایین و 32 بیتی بودن زیاد مناسب نیست.
وب گردی باهاش زیاد روان نیست و حس خیلی خوبی انتقال نمیده. تموم نرم افزار هاش باید آپدیت بشه. پیشنهاد میشه به صورت دستی دانلود کنید و نصب کنید. اگر در حین نصب نرم افزار پیام خطایی مبنی بر not compatible with your device رو مشاهده کردین بدونید که نرم افزار دانلود شده شما 64 بیتی هستش که با این دستگاه سازگار نیست
اندروید دستگاه، اندروید 9 خام هستش که ارتقای اپ های پیشفرض به نرم افزار های به روز تر شدیدا پیشنهاد میشه",11 اسفند 1399,3,7,0,no_idea,True,حامد بای,False
3493882,16237979,اندروید باکس,تازه دیروز به دستم رسید . یک سری نرم افزار را خودش دارد. مثل نماوا، آپارات . فیلیمو، تلوبیون، یوتیوب، نتفلیکس، ام ایکس پلیر، گوگل پلی ، و چیزهای دیگر. کارکردن با کنترل گیج کننده است. من مجبور شدم نسخه تی وی نماوا را نصب کنم. چون با نسخه ی خودش خوب نبود. بلوتوث ش به گوشی وصل نمیشه. خوشبختانه ماوس و کیبورد usb بهش وصل میشه و به راحتی کار می‌کنه. و لازم نیست ماوس بلوتوثی بگیرید. قطع و وصل هم نشد. فقط موقع راه اندازی توجه کنید که کیفیت تصویر را مطابق تلویزیون تون کنید. چون به صورت پیشفرض روی 4kهست. و تو تلویزیون من رنگهارا فقط بنفش و سبز نشون میداد. بعد از کلی سر و کله زدن فهمیدم که باید بزارم روی1080 . درست شد. یک سال هم گارانتی دارد.,30 دی 1399,4,6,0,recommended,True,فاطمه کیان,False
3493882,16237040,,کاملا واضح دست دوم بود مرجوع کردم ، هم زدگی داشت هم جای دست هم جی میل نفر قبلی رو دستگاه بود,27 شهریور 1401,1,0,0,not_recommended,True,سعید سنگانی,False
3493882,16172547,مقرون به صرفه,با توجه به حافظه ۱۶ گیگ و رم ۲ گیگ انتخاب خوبی است,1 بهمن 1399,0,1,0,recommended,True,بهروز کاظمی,False
3493882,16123083,,"دستگاه اندروید با3زیبا وکارامد
خیلی وسیله جالبیه فقط حتما هر که از دیجی کالا میخره همراهش یه موس بیسیمی هم سفارش بده واقعا کارو راحت میکنه",30 دی 1399,4.56,1,0,recommended,True,مهدی فرجی,False
3493882,16047422,نقد و بررسی تخصصی,حقیقتا فکر نمیکردم دستگاه مناسبی باشه تو این رنج قیمت، ولی تا الان که عملکرد خوبی داشته. دستگاه با اتصال وای فای در فاصله نزدیک تست شد. سرعت اتصال خوب بود. دستگاه فیلیمو و آپارات رو بدون هیچ لگ و قطعی پخش کرد. اتصال ماوس به دستگاه عملکرد قابل قبولی داشت. نقاط قوت و ضعف بطور کامل گفته شده. حتما ویدئوهای جعبه گشایی و عملکرد دستگاه با اتصال به تلویزیون رو مشاهده کنید. سعی کردم چیزی از قلم نیوفته. ممنون,25 دی 1399,4.44,64,0,recommended,True,سهیل رستمی,False
3493882,15983739,ایراد فنی,من دوتا از این دستگاه رو خریداری کردم و بعد مرجوع کردم بخاطر اینکه وای فای دستگاه بسیار ضعیفه و اگه وای فای داخل خونه باهاش بیشتر از دو متر فاصله داشته باشه دستگاه کار نمیکنه و به اینترنت وصل نمیشه من هم با وای فای امتحان کردم و هم با هات اسپات گوشی در هر دو این مشکل رو داشت و هر دو دستگاهی که خریدم هم این مشکل رو داشت,23 دی 1399,0,4,0,not_recommended,True,Ehsan Jahanshahi,False
3493882,15898474,نسبت به اندروید باکس‌های با قیمت بالا هیچ چیزی کم نداره,من تازه خریدمش. الان یک هفته است که دارم ازش استفاده می‌کنم. به نظرم با قیمت مناسبی که داره هیچ چیزی از سایر اندروید باکس‌ها که قیمت‌های بالایی هم دارن، کم نداره. تا الان اصلا هنگ نداشته و سرعت اتصال اینترنت از طریق وای فای هم خوبه. به نظرم برای وبگردی و استفاده از برخی اپلیکیشن‌ها، نیاز به موس داره. برای فیلم دیدن و استفاده از اپلیکیشن‌‌های رسانه‌ای مانند نماوا و فیلیمو، عالیه.,21 دی 1399,4.56,1,0,recommended,True,داود چوبدار,False
3493882,15850649,اندروید باکس,واقعا از لحاظ کیفیت خوب هست. بر خلاف کلاهای دیجیتالی گه از دیجیکالا میخریدم . دست دوم نبود و یکسال گارانتی داشت,19 دی 1399,0,1,0,recommended,True,امیر رحیمیان,False
3493882,15816103,اندروید باکس,دستگاه ساده و کار راه اندازیه ، هنگ هم نکرده فعلا ، انتظار بازی کردن ازش نداشته نباشین ، خرید ایر ریموت هم از واجباته,18 دی 1399,3,1,0,recommended,True,مهدی کاسبی,False
3493882,15721659,خوب است,"درسته نکات منفی زیاد داره ولی چیز با ارزشیه من راضی هستم
برنامه های زیادی میشه نصب کرد مثل اینستاگرام و واتس‌اپ
برنامه های پیشفرض یکم ضعیفن من خودم بهترش رو دانلود کردم",16 دی 1399,4.33,1,0,recommended,True,لیلا حسینی,False
3493882,15696373,کارایی و سرعت خوب,از اینکه خروجی اُپتیکال داره وصدارو با کیفیت بالا تو اسپیکر میتونی داشته باشی وبا تصویر فول اچ دی که میده واقعا تجربه خوبیه.نسب به قیمتش خیلی خوبه,15 دی 1399,4,13,0,recommended,True,مجتبی باقرنژاد سیسی,False
3493882,15647941,,"با توجه به رم 2 و هارد 16 ، قیمت مناسب به نظر می رسد.
تست شد OK بود بعضی برنامه ها بعد از بروزرسانی با اختلال مواجه می شوند.",14 دی 1399,3,1,0,recommended,True,مهدی فتاحی پور,False
3493882,15634053,اندروید باکس,اشکال در اتصال بلوتوث داره، اصلا توی جستجو با موبایل نمیاد,14 دی 1399,3,2,0,no_idea,True,سعیده سلامات,False
3493882,15455302,باکس مناسب جهت هوشمند کردن تلویزیون,باکس خوبی است. سرعتش خوبه. اتصال با کابل شبکه و همینطور بی سیم خوب بود. یوتیوب و نت فلیکس رو هم بدون مشکل میاره,10 دی 1399,0,1,0,recommended,True,علیرضا کمالی,False
3493882,15278496,پیشنهاد میکنم بخرید,از هر نظر عالیه هم کیفیت تصویرش خوبه هم امکاناتش اندروید 9 داره فقط اگر میخواید راحت باهاش کار کنید ماوس بهش وصل کنید با کنترل یکم گیج شدم و راحت نبودم,9 دی 1399,5,5,0,recommended,True,امید رحیمی,False
3493882,15177340,توصیه میکنم برای تمام کسانی که به دنبال رضایت بیشتر از رسانه های خودشون هستند,با توجه به این هزینه مناسب ، به راحتی تلویزیونهای خودمونو میتونیم به داشتن سیستم عامل اندروید مجهز کنیم و از امکانات یک تلویزیون هوشمند بهره مند بشیم,3 دی 1399,0,1,0,recommended,True,مجید مصلی دانش,False
3493882,15011166,خوبه,دستگاه واقعا خوبیه بدون لگ فیلما رو پخش میکنه قیمتش مناسبه یوتیوب رو هم پخش میکنه برای بازی سبک هم خوبه فقط به گوشی متصل نشد شاید نرم افزار خاصی داشته باشه  من نتونستم متصل کنم,29 آذر 1399,3,2,0,recommended,True,کاربر دیجی‌کالا,True
